Code,Description,Category,Active,Unit,Retail - Exclusive,Retail - Inclusive,Wholesale - Exclusive,Wholesale - Inclusive,Physical,Text User Field 1,Text User Field 2,Text User Field 3,Numeric User Field 1,Numeric User Field 2,Numeric User Field 3,Date User Field 1,Date User Field 2,Date User Field 3,Yes/No User Field 1,Yes/No User Field 2,Yes/No User Field 3,VAT Type Sales,VAT Type Purchases,Cost,Quantity,Sales Account,Purchases Account
13-100109,Chrome Leather Double Palm Glove Shoulder Length 16,,True,1,81.2,93.38,72.5,83.38,,,,,,,,,,,False,False,False,Standard Rate,Standard Rate,,10,,
13-100110,Chrome Leather Double Palm Glove 8,,True,1,47.6,54.74,42.5,48.88,,,,,,,,,,,False,False,False,Standard Rate,Standard Rate,,10,,
13-100111,Chrome Leather Double Palm Glove Wrist Length 2.5,,True,1,33.6,38.64,30.0,34.5,,,,,,,,,,,False,False,False,Standard Rate,Standard Rate,,10,,
13-100326,Chrome Leather Brick Glove with Rubber Palm,,True,1,84.0,96.6,75.0,86.25,,,,,,,,,,,False,False,False,Standard Rate,Standard Rate,,10,,
13-100113,Vip TIG Glove (Pig Skin),,True,1,75.6,86.94,67.5,77.63,,,,,,,,,,,False,False,False,Standard Rate,Standard Rate,,10,,
13-100115,Vip TIG Glove (Goat Skin),,True,1,39.2,45.08,35.0,40.25,,,,,,,,,,,False,False,False,Standard Rate,Standard Rate,,10,,
13-100114,Vip TIG Glove Extended Cuff ( Goat Skin),,True,1,64.4,74.06,57.5,66.13,,,,,,,,,,,False,False,False,Standard Rate,Standard Rate,,10,,
13-1001151,Leather Napa Glove ( Made of Cow Hide),,True,1,54.6,62.79,48.75,56.06,,,,,,,,,,,False,False,False,Standard Rate,Standard Rate,,10,,
13-1001131,Vip TIG Glove Chrome Leather,,True,1,37.8,43.47,33.75,38.81,,,,,,,,,,,False,False,False,Standard Rate,Standard Rate,,10,,
13-1001132,Vip TIG Glove Tumi Cowhide Leather,,True,1,43.4,49.91,38.75,44.56,,,,,,,,,,,False,False,False,Standard Rate,Standard Rate,,10,,
13-100116,Chrome Leather Candy Stripe Glove,,True,1,23.8,27.37,21.25,24.44,,,,,,,,,,,False,False,False,Standard Rate,Standard Rate,,10,,
13-1001161,Candy Stripe Pig Skin Glove,,True,1,36.4,41.86,32.5,37.38,,,,,,,,,,,False,False,False,Standard Rate,Standard Rate,,10,,
13-1001162,Candy Stripe Rigger Glove Palm,,True,1,32.2,37.03,28.75,33.06,,,,,,,,,,,False,False,False,Standard Rate,Standard Rate,,10,,
13-1001163,HIVIZ Chrome Leather Glove with Reflective Tape,,True,1,46.2,53.13,41.25,47.44,,,,,,,,,,,False,False,False,Standard Rate,Standard Rate,,10,,
13-100060-SV,Chainmail Glove (Stainless Steel Glove) (Price Per Each),,True,1,966.0,1110.9,862.5,991.88,,,,,,,,,,,False,False,False,Standard Rate,Standard Rate,,10,,
13-100296-GBLK,Impaflex,,True,1,154.0,177.1,137.5,158.13,,,,,,,,,,,False,False,False,Standard Rate,Standard Rate,,10,,
13-100300,Sp-Flex Smooth,,True,1,9.8,11.27,8.75,10.06,,,,,,,,,,,False,False,False,Standard Rate,Standard Rate,,10,,
13-100301,Sp-Flex HD,,True,1,18.2,20.93,16.25,18.69,,,,,,,,,,,False,False,False,Standard Rate,Standard Rate,,10,,
13-100302,Allflex,,True,1,14.0,16.1,12.5,14.38,,,,,,,,,,,False,False,False,Standard Rate,Standard Rate,,10,,
13-100290-W,PU Palm Coated Glove,,True,1,7.0,8.05,6.25,7.19,,,,,,,,,,,False,False,False,Standard Rate,Standard Rate,,10,,
13-100291-BLK,PU Palm Coated Glove,,True,1,9.8,11.27,8.75,10.06,,,,,,,,,,,False,False,False,Standard Rate,Standard Rate,,10,,
13-100320,PVC Glove,,True,1,13.3,15.295,11.875,13.66,,,,,,,,,,,False,False,False,Standard Rate,Standard Rate,,10,,
13-100321,PVC Glove Open Cuff,,True,1,19.6,22.54,17.5,20.13,,,,,,,,,,,False,False,False,Standard Rate,Standard Rate,,10,,
13-100322,PVC Glove Open Cuff,,True,1,22.4,25.76,20.0,23.0,,,,,,,,,,,False,False,False,Standard Rate,Standard Rate,,10,,
13-100323,PVC Glove Open Cuff,,True,1,26.6,30.59,23.75,27.31,,,,,,,,,,,False,False,False,Standard Rate,Standard Rate,,10,,
13-1003231,PVC Rough Palm Heavy Duty Glove,,True,1,25.2,28.98,22.5,25.88,,,,,,,,,,,False,False,False,Standard Rate,Standard Rate,,10,,
13-1003232,"PVC Rough Palm Heavy Duty Glove, Open Cuff",,True,1,35.0,40.25,31.25,35.94,,,,,,,,,,,False,False,False,Standard Rate,Standard Rate,,10,,
13-1003233,"PVC Rough Palm Heavy Duty Glove, Open Cuff",,True,1,40.6,46.69,36.25,41.69,,,,,,,,,,,False,False,False,Standard Rate,Standard Rate,,10,,
13-1003234,PVC Smooth Shoulder Glove ( Elasticated Attachment),,True,1,47.6,54.74,42.5,48.88,,,,,,,,,,,False,False,False,Standard Rate,Standard Rate,,10,,
13-1003237,PVC Heavy Duty Glove,,True,1,22.4,25.76,20.0,23.0,,,,,,,,,,,False,False,False,Standard Rate,Standard Rate,,10,,
13-1003238,PVC Heavy Duty Glove,,True,1,35.0,40.25,31.25,35.94,,,,,,,,,,,False,False,False,Standard Rate,Standard Rate,,10,,
13-10032381,"PVC Glove, Reinforced",,True,1,32.2,37.03,28.75,33.06,,,,,,,,,,,False,False,False,Standard Rate,Standard Rate,,10,,
13-1003239,"PVC Glove Open Cuff, Reinforced",,True,1,36.4,41.86,32.5,37.38,,,,,,,,,,,False,False,False,Standard Rate,Standard Rate,,10,,
13-10032391,"PVC Glove Open Cuff, Reinforced",,True,1,51.8,59.57,46.25,53.19,,,,,,,,,,,False,False,False,Standard Rate,Standard Rate,,10,,
13-10032392,"PVC Freezer Glove, HIVIZ",,True,1,65.8,75.67,58.75,67.56,,,,,,,,,,,False,False,False,Standard Rate,Standard Rate,,10,,
13-10032393,"PVC Freezer Glove Open Cuff, Sandy Palm, HIVIZ",,True,1,77.0,88.55,68.75,79.06,,,,,,,,,,,False,False,False,Standard Rate,Standard Rate,,10,,
13-100323A,"Stop & Go PVC Glove Open Cuff, Reinforced",,True,1,44.8,51.52,40.0,46.0,,,,,,,,,,,False,False,False,Standard Rate,Standard Rate,,10,,
13-100323B,"Stop & Go PVC Glove Open Cuff, Reinforced",,True,1,54.6,62.79,48.75,56.06,,,,,,,,,,,False,False,False,Standard Rate,Standard Rate,,10,,
13-100323C,Chip PVC Glove,,True,1,37.8,43.47,33.75,38.81,,,,,,,,,,,False,False,False,Standard Rate,Standard Rate,,10,,
13-1003245,Procut Nitriblue,,True,1,84.0,96.6,75.0,86.25,,,,,,,,,,,False,False,False,Standard Rate,Standard Rate,,10,,
13-1003246,Procut Nitrigrip,,True,1,56.0,64.4,50.0,57.5,,,,,,,,,,,False,False,False,Standard Rate,Standard Rate,,10,,
13-100325,Procut Puralite,,True,1,42.0,48.3,37.5,43.13,,,,,,,,,,,False,False,False,Standard Rate,Standard Rate,,10,,
13-1003251,Procut Griper,,True,1,54.6,62.79,48.75,56.06,,,,,,,,,,,False,False,False,Standard Rate,Standard Rate,,10,,
13-1003252,"Cut Resist Sleeve, LV5",,True,1,68.6,78.89,61.25,70.44,,,,,,,,,,,False,False,False,Standard Rate,Standard Rate,,10,,
13-100333-11,Nitrile Glove Open Cuff,,True,1,19.6,22.54,17.5,20.13,,,,,,,,,,,False,False,False,Standard Rate,Standard Rate,,10,,
13-100334,Neoprene Chemial Glove,,True,1,35.0,40.25,31.25,35.94,,,,,,,,,,,False,False,False,Standard Rate,Standard Rate,,10,,
13-100350,Industrial Rubber Glove Smooth Palm,,True,1,30.8,35.42,27.5,31.63,,,,,,,,,,,False,False,False,Standard Rate,Standard Rate,,10,,
13-1003501,Industrial Rubber Glove Smooth Palm,,True,1,63.0,72.45,56.25,64.69,,,,,,,,,,,False,False,False,Standard Rate,Standard Rate,,10,,
13-1003491,Industrial Rubber Glove Rough Palm,,True,1,43.4,49.91,38.75,44.56,,,,,,,,,,,False,False,False,Standard Rate,Standard Rate,,10,,
13-1003492,Industrial Rubber Glove Rough Palm,,True,1,70.0,80.5,62.5,71.88,,,,,,,,,,,False,False,False,Standard Rate,Standard Rate,,10,,
13-100348,Builders Glove,,True,1,14.0,16.1,12.5,14.38,,,,,,,,,,,False,False,False,Standard Rate,Standard Rate,,10,,
13-100327,Progrip,,True,1,16.8,19.32,15.0,17.25,,,,,,,,,,,False,False,False,Standard Rate,Standard Rate,,10,,
13-100324,Crayfish Glove,,True,1,13.3,15.295,11.875,13.66,,,,,,,,,,,False,False,False,Standard Rate,Standard Rate,,10,,
13-100117,"Comarex, Latex Fully Dipped Crinkle Glove, Knit Cuff",,True,1,22.4,25.76,20.0,23.0,,,,,,,,,,,False,False,False,Standard Rate,Standard Rate,,10,,
13-100119C,"Comarex, Latex 3/4 Dipped Crinkle Glove, Safe Cuff",,True,1,22.4,25.76,20.0,23.0,,,,,,,,,,,False,False,False,Standard Rate,Standard Rate,,10,,
13-100305-B,Nitrile Glove,,True,1,22.4,25.76,20.0,23.0,,,,,,,,,,,False,False,False,Standard Rate,Standard Rate,,10,,
13-1003051,Nitrile Glove Safe Cuff,,True,1,25.2,28.98,22.5,25.88,,,,,,,,,,,False,False,False,Standard Rate,Standard Rate,,10,,
13-100306-Y,Nitrile Glove,,True,1,23.8,27.37,21.25,24.44,,,,,,,,,,,False,False,False,Standard Rate,Standard Rate,,10,,
13-100329,Household Glove with Flock Liner (S),,True,1,9.8,11.27,8.75,10.06,,,,,,,,,,,False,False,False,Standard Rate,Standard Rate,,10,,
13-100330,Household Glove with Flock Liner (M),,True,1,9.8,11.27,8.75,10.06,,,,,,,,,,,False,False,False,Standard Rate,Standard Rate,,10,,
13-100331,Household Glove with Flock Liner (L),,True,1,9.8,11.27,8.75,10.06,,,,,,,,,,,False,False,False,Standard Rate,Standard Rate,,10,,
13-100332,Household Glove with Flock Liner,,True,1,9.8,11.27,8.75,10.06,,,,,,,,,,,False,False,False,Standard Rate,Standard Rate,,10,,
13-1003351,Nitrile Examination Glove Powder Free 100 Pcs/Box (M),,True,1,84.0,96.6,75.0,86.25,,,,,,,,,,,False,False,False,Standard Rate,Standard Rate,,10,,
13-1003352,Nitrile Examination Glove Powder Free 100 Pcs/Box (L),,True,1,84.0,96.6,75.0,86.25,,,,,,,,,,,False,False,False,Standard Rate,Standard Rate,,10,,
13-1003355,Nitrile Vinyl Examination Glove Powder Free 100 Pcs/Box (M),,True,1,54.6,62.79,48.75,56.06,,,,,,,,,,,False,False,False,Standard Rate,Standard Rate,,10,,
13-1003356,Nitrile Vinyl Examination Glove Powder Free 100 Pcs/Box (L),,True,1,54.6,62.79,48.75,56.06,,,,,,,,,,,False,False,False,Standard Rate,Standard Rate,,10,,
13-100337,Latex Examination Glove Powdered (M) 100 Pcs/Box (M),,True,1,107.8,123.97,96.25,110.69,,,,,,,,,,,False,False,False,Standard Rate,Standard Rate,,10,,
13-100338,Latex Examination Glove Powdered (L) 100 Pcs/Box (L),,True,1,107.8,123.97,96.25,110.69,,,,,,,,,,,False,False,False,Standard Rate,Standard Rate,,10,,
13-100341,Latex Examination Glove Powder Free 100 Pcs/Box (M),,True,1,110.6,127.19,98.75,113.56,,,,,,,,,,,False,False,False,Standard Rate,Standard Rate,,10,,
13-100342,Latex Examination Glove Powder Free 100 Pcs/Box (L),,True,1,110.6,127.19,98.75,113.56,,,,,,,,,,,False,False,False,Standard Rate,Standard Rate,,10,,
13-100118-W,Cotton Glove 500G,,True,1,4.2,4.83,3.75,4.31,,,,,,,,,,,False,False,False,Standard Rate,Standard Rate,,10,,
13-100119-GY,Cotton Glove 450G,,True,1,4.2,4.83,3.75,4.31,,,,,,,,,,,False,False,False,Standard Rate,Standard Rate,,10,,
13-100119A,Polka DOT Glove Single Side Seamless,,True,1,5.6,6.44,5.0,5.75,,,,,,,,,,,False,False,False,Standard Rate,Standard Rate,,10,,
13-100119B,Polka DOT Glove Double Side Seamless,,True,1,8.4,9.66,7.5,8.63,,,,,,,,,,,False,False,False,Standard Rate,Standard Rate,,10,,
13-1003240,"Glove Clip Plastic, Colour",,True,1,16.8,19.32,15.0,17.25,,,,,,,,,,,False,False,False,Standard Rate,Standard Rate,,10,,
13-AUST-4-BR,Pinnacle Austra Chelsea Boots (Steel Toe & Midsole),,True,1,413.0,474.95,369.0,424.35,,,,,,,,,,,False,False,False,Standard Rate,Standard Rate,,10,,
13-AUST-5-BR,Pinnacle Austra Chelsea Boots (Steel Toe & Midsole),,True,1,413.0,474.95,369.0,424.35,,,,,,,,,,,False,False,False,Standard Rate,Standard Rate,,10,,
13-AUST-6-BR,Pinnacle Austra Chelsea Boots (Steel Toe & Midsole),,True,1,413.0,474.95,369.0,424.35,,,,,,,,,,,False,False,False,Standard Rate,Standard Rate,,10,,
13-AUST-7-BR,Pinnacle Austra Chelsea Boots (Steel Toe & Midsole),,True,1,413.0,474.95,369.0,424.35,,,,,,,,,,,False,False,False,Standard Rate,Standard Rate,,10,,
13-AUST-8-BR,Pinnacle Austra Chelsea Boots (Steel Toe & Midsole),,True,1,413.0,474.95,369.0,424.35,,,,,,,,,,,False,False,False,Standard Rate,Standard Rate,,10,,
13-AUST-9-BR,Pinnacle Austra Chelsea Boots (Steel Toe & Midsole),,True,1,413.0,474.95,369.0,424.35,,,,,,,,,,,False,False,False,Standard Rate,Standard Rate,,10,,
13-AUST-10-BR,Pinnacle Austra Chelsea Boots (Steel Toe & Midsole),,True,1,413.0,474.95,369.0,424.35,,,,,,,,,,,False,False,False,Standard Rate,Standard Rate,,10,,
13-AUST-11-BR,Pinnacle Austra Chelsea Boots (Steel Toe & Midsole),,True,1,413.0,474.95,369.0,424.35,,,,,,,,,,,False,False,False,Standard Rate,Standard Rate,,10,,
13-AUST-12-BR,Pinnacle Austra Chelsea Boots (Steel Toe & Midsole),,True,1,413.0,474.95,369.0,424.35,,,,,,,,,,,False,False,False,Standard Rate,Standard Rate,,10,,
13-AUSTK-4-BLK,Pinnacle Austra Chelsea Boots (Steel Toe & Midsole),,True,1,413.0,474.95,369.0,424.35,,,,,,,,,,,False,False,False,Standard Rate,Standard Rate,,10,,
13-AUSTK-5-BLK,Pinnacle Austra Chelsea Boots (Steel Toe & Midsole),,True,1,413.0,474.95,369.0,424.35,,,,,,,,,,,False,False,False,Standard Rate,Standard Rate,,10,,
13-AUSTK-6-BLK,Pinnacle Austra Chelsea Boots (Steel Toe & Midsole),,True,1,413.0,474.95,369.0,424.35,,,,,,,,,,,False,False,False,Standard Rate,Standard Rate,,10,,
13-AUSTK-7-BLK,Pinnacle Austra Chelsea Boots (Steel Toe & Midsole),,True,1,413.0,474.95,369.0,424.35,,,,,,,,,,,False,False,False,Standard Rate,Standard Rate,,10,,
13-AUSTK-8-BLK,Pinnacle Austra Chelsea Boots (Steel Toe & Midsole),,True,1,413.0,474.95,369.0,424.35,,,,,,,,,,,False,False,False,Standard Rate,Standard Rate,,10,,
13-AUSTK-9-BLK,Pinnacle Austra Chelsea Boots (Steel Toe & Midsole),,True,1,413.0,474.95,369.0,424.35,,,,,,,,,,,False,False,False,Standard Rate,Standard Rate,,10,,
13-AUSTK-10-BLK,Pinnacle Austra Chelsea Boots (Steel Toe & Midsole),,True,1,413.0,474.95,369.0,424.35,,,,,,,,,,,False,False,False,Standard Rate,Standard Rate,,10,,
13-AUSTK-11-BLK,Pinnacle Austra Chelsea Boots (Steel Toe & Midsole),,True,1,413.0,474.95,369.0,424.35,,,,,,,,,,,False,False,False,Standard Rate,Standard Rate,,10,,
13-AUSTK-12-BLK,Pinnacle Austra Chelsea Boots (Steel Toe & Midsole),,True,1,413.0,474.95,369.0,424.35,,,,,,,,,,,False,False,False,Standard Rate,Standard Rate,,10,,
13-ROKL-3-BLK,Pinnacle Rokolo Safety Shoe,,True,1,245.0,281.75,219.0,251.85,,,,,,,,,,,False,False,False,Standard Rate,Standard Rate,,10,,
13-ROKL-4-BLK,Pinnacle Rokolo Safety Shoe,,True,1,245.0,281.75,219.0,251.85,,,,,,,,,,,False,False,False,Standard Rate,Standard Rate,,10,,
13-ROKL-5-BLK,Pinnacle Rokolo Safety Shoe,,True,1,245.0,281.75,219.0,251.85,,,,,,,,,,,False,False,False,Standard Rate,Standard Rate,,10,,
13-ROKL-6-BLK,Pinnacle Rokolo Safety Shoe,,True,1,245.0,281.75,219.0,251.85,,,,,,,,,,,False,False,False,Standard Rate,Standard Rate,,10,,
13-ROKL-7-BLK,Pinnacle Rokolo Safety Shoe,,True,1,245.0,281.75,219.0,251.85,,,,,,,,,,,False,False,False,Standard Rate,Standard Rate,,10,,
13-ROKL-8-BLK,Pinnacle Rokolo Safety Shoe,,True,1,245.0,281.75,219.0,251.85,,,,,,,,,,,False,False,False,Standard Rate,Standard Rate,,10,,
13-ROKL-9-BLK,Pinnacle Rokolo Safety Shoe,,True,1,245.0,281.75,219.0,251.85,,,,,,,,,,,False,False,False,Standard Rate,Standard Rate,,10,,
13-ROKL-10-BLK,Pinnacle Rokolo Safety Shoe,,True,1,245.0,281.75,219.0,251.85,,,,,,,,,,,False,False,False,Standard Rate,Standard Rate,,10,,
13-ROKL-11-BLK,Pinnacle Rokolo Safety Shoe,,True,1,245.0,281.75,219.0,251.85,,,,,,,,,,,False,False,False,Standard Rate,Standard Rate,,10,,
13-ROKL-12-BLK,Pinnacle Rokolo Safety Shoe,,True,1,245.0,281.75,219.0,251.85,,,,,,,,,,,False,False,False,Standard Rate,Standard Rate,,10,,
13-ROKO-3-BLK,Pinnacle Roko Chukka Boots (Steel Toe & Midsole) SBP,,True,1,259.0,297.85,231.0,265.65,,,,,,,,,,,False,False,False,Standard Rate,Standard Rate,,10,,
13-ROKO-4-BLK,Pinnacle Roko Chukka Boots (Steel Toe & Midsole) SBP,,True,1,259.0,297.85,231.0,265.65,,,,,,,,,,,False,False,False,Standard Rate,Standard Rate,,10,,
13-ROKO-5-BLK,Pinnacle Roko Chukka Boots (Steel Toe & Midsole) SBP,,True,1,259.0,297.85,231.0,265.65,,,,,,,,,,,False,False,False,Standard Rate,Standard Rate,,10,,
13-ROKO-6-BLK,Pinnacle Roko Chukka Boots (Steel Toe & Midsole) SBP,,True,1,259.0,297.85,231.0,265.65,,,,,,,,,,,False,False,False,Standard Rate,Standard Rate,,10,,
13-ROKO-7-BLK,Pinnacle Roko Chukka Boots (Steel Toe & Midsole) SBP,,True,1,259.0,297.85,231.0,265.65,,,,,,,,,,,False,False,False,Standard Rate,Standard Rate,,10,,
13-ROKO-8-BLK,Pinnacle Roko Chukka Boots (Steel Toe & Midsole) SBP,,True,1,259.0,297.85,231.0,265.65,,,,,,,,,,,False,False,False,Standard Rate,Standard Rate,,10,,
13-ROKO-9-BLK,Pinnacle Roko Chukka Boots (Steel Toe & Midsole) SBP,,True,1,259.0,297.85,231.0,265.65,,,,,,,,,,,False,False,False,Standard Rate,Standard Rate,,10,,
13-ROKO-10-BLK,Pinnacle Roko Chukka Boots (Steel Toe & Midsole) SBP,,True,1,259.0,297.85,231.0,265.65,,,,,,,,,,,False,False,False,Standard Rate,Standard Rate,,10,,
13-ROKO-11-BLK,Pinnacle Roko Chukka Boots (Steel Toe & Midsole) SBP,,True,1,259.0,297.85,231.0,265.65,,,,,,,,,,,False,False,False,Standard Rate,Standard Rate,,10,,
13-ROKO-12-BLK,Pinnacle Roko Chukka Boots (Steel Toe & Midsole) SBP,,True,1,259.0,297.85,231.0,265.65,,,,,,,,,,,False,False,False,Standard Rate,Standard Rate,,10,,
13-KIRI-3-BLK,Kirin Safety Boots SB,,True,1,237.0,272.55,211.0,242.65,,,,,,,,,,,False,False,False,Standard Rate,Standard Rate,,10,,
13-KIRI-4-BLK,Kirin Safety Boots SB,,True,1,237.0,272.55,211.0,242.65,,,,,,,,,,,False,False,False,Standard Rate,Standard Rate,,10,,
13-KIRI-5-BLK,Kirin Safety Boots SB,,True,1,237.0,272.55,211.0,242.65,,,,,,,,,,,False,False,False,Standard Rate,Standard Rate,,10,,
13-KIRI-6-BLK,Kirin Safety Boots SB,,True,1,237.0,272.55,211.0,242.65,,,,,,,,,,,False,False,False,Standard Rate,Standard Rate,,10,,
13-KIRI-7-BLK,Kirin Safety Boots SB,,True,1,237.0,272.55,211.0,242.65,,,,,,,,,,,False,False,False,Standard Rate,Standard Rate,,10,,
13-KIRI-8-BLK,Kirin Safety Boots SB,,True,1,237.0,272.55,211.0,242.65,,,,,,,,,,,False,False,False,Standard Rate,Standard Rate,,10,,
13-KIRI-9-BLK,Kirin Safety Boots SB,,True,1,237.0,272.55,211.0,242.65,,,,,,,,,,,False,False,False,Standard Rate,Standard Rate,,10,,
13-KIRI-10-BLK,Kirin Safety Boots SB,,True,1,237.0,272.55,211.0,242.65,,,,,,,,,,,False,False,False,Standard Rate,Standard Rate,,10,,
13-KIRI-11-BLK,Kirin Safety Boots SB,,True,1,237.0,272.55,211.0,242.65,,,,,,,,,,,False,False,False,Standard Rate,Standard Rate,,10,,
13-KIRI-12-BLK,Kirin Safety Boots SB,,True,1,237.0,272.55,211.0,242.65,,,,,,,,,,,False,False,False,Standard Rate,Standard Rate,,10,,
13-SOLO-3-BLKO,Solobon Sport Safety Shoe,,True,1,588.0,676.2,525.0,603.75,,,,,,,,,,,False,False,False,Standard Rate,Standard Rate,,10,,
13-SOLO-4-BLKO,Solobon Sport Safety Shoe,,True,1,588.0,676.2,525.0,603.75,,,,,,,,,,,False,False,False,Standard Rate,Standard Rate,,10,,
13-SOLO-5-BLKO,Solobon Sport Safety Shoe,,True,1,588.0,676.2,525.0,603.75,,,,,,,,,,,False,False,False,Standard Rate,Standard Rate,,10,,
13-SOLO-6-BLKO,Solobon Sport Safety Shoe,,True,1,588.0,676.2,525.0,603.75,,,,,,,,,,,False,False,False,Standard Rate,Standard Rate,,10,,
13-SOLO-7-BLKO,Solobon Sport Safety Shoe,,True,1,588.0,676.2,525.0,603.75,,,,,,,,,,,False,False,False,Standard Rate,Standard Rate,,10,,
13-SOLO-8-BLKO,Solobon Sport Safety Shoe,,True,1,588.0,676.2,525.0,603.75,,,,,,,,,,,False,False,False,Standard Rate,Standard Rate,,10,,
13-SOLO-9-BLKO,Solobon Sport Safety Shoe,,True,1,588.0,676.2,525.0,603.75,,,,,,,,,,,False,False,False,Standard Rate,Standard Rate,,10,,
13-SOLO-10-BLKO,Solobon Sport Safety Shoe,,True,1,588.0,676.2,525.0,603.75,,,,,,,,,,,False,False,False,Standard Rate,Standard Rate,,10,,
13-SOLO-11-BLKO,Solobon Sport Safety Shoe,,True,1,588.0,676.2,525.0,603.75,,,,,,,,,,,False,False,False,Standard Rate,Standard Rate,,10,,
13-SOLO-12-BLKO,Solobon Sport Safety Shoe,,True,1,588.0,676.2,525.0,603.75,,,,,,,,,,,False,False,False,Standard Rate,Standard Rate,,10,,
13-ROXI-3-BLKP,Pinnacle Roxie Ladys Safety Shoe,,True,1,364.0,418.6,325.0,373.75,,,,,,,,,,,False,False,False,Standard Rate,Standard Rate,,10,,
13-ROXI-4-BLKP,Pinnacle Roxie Ladys Safety Shoe,,True,1,364.0,418.6,325.0,373.75,,,,,,,,,,,False,False,False,Standard Rate,Standard Rate,,10,,
13-ROXI-5-BLKP,Pinnacle Roxie Ladys Safety Shoe,,True,1,364.0,418.6,325.0,373.75,,,,,,,,,,,False,False,False,Standard Rate,Standard Rate,,10,,
13-ROXI-6-BLKP,Pinnacle Roxie Ladys Safety Shoe,,True,1,364.0,418.6,325.0,373.75,,,,,,,,,,,False,False,False,Standard Rate,Standard Rate,,10,,
13-ROXI-7-BLKP,Pinnacle Roxie Ladys Safety Shoe,,True,1,364.0,418.6,325.0,373.75,,,,,,,,,,,False,False,False,Standard Rate,Standard Rate,,10,,
13-ROXI-8-BLKP,Pinnacle Roxie Ladys Safety Shoe,,True,1,364.0,418.6,325.0,373.75,,,,,,,,,,,False,False,False,Standard Rate,Standard Rate,,10,,
13-KUKKA-4-BLK,Pinnacle Kukka Welding Boots,,True,1,315.0,362.25,281.0,323.15,,,,,,,,,,,False,False,False,Standard Rate,Standard Rate,,10,,
13-KUKKA-5-BLK,Pinnacle Kukka Welding Boots,,True,1,315.0,362.25,281.0,323.15,,,,,,,,,,,False,False,False,Standard Rate,Standard Rate,,10,,
13-KUKKA-6-BLK,Pinnacle Kukka Welding Boots,,True,1,315.0,362.25,281.0,323.15,,,,,,,,,,,False,False,False,Standard Rate,Standard Rate,,10,,
13-KUKKA-7-BLK,Pinnacle Kukka Welding Boots,,True,1,315.0,362.25,281.0,323.15,,,,,,,,,,,False,False,False,Standard Rate,Standard Rate,,10,,
13-KUKKA-8-BLK,Pinnacle Kukka Welding Boots,,True,1,315.0,362.25,281.0,323.15,,,,,,,,,,,False,False,False,Standard Rate,Standard Rate,,10,,
13-KUKKA-9-BLK,Pinnacle Kukka Welding Boots,,True,1,315.0,362.25,281.0,323.15,,,,,,,,,,,False,False,False,Standard Rate,Standard Rate,,10,,
13-KUKKA-10-BLK,Pinnacle Kukka Welding Boots,,True,1,315.0,362.25,281.0,323.15,,,,,,,,,,,False,False,False,Standard Rate,Standard Rate,,10,,
13-KUKKA-11-BLK,Pinnacle Kukka Welding Boots,,True,1,315.0,362.25,281.0,323.15,,,,,,,,,,,False,False,False,Standard Rate,Standard Rate,,10,,
13-KUKKA-12-BLK,Pinnacle Kukka Welding Boots,,True,1,315.0,362.25,281.0,323.15,,,,,,,,,,,False,False,False,Standard Rate,Standard Rate,,10,,
13-SOBR-4-BLK,Sobrie Hiker Safety Boots,,True,1,630.0,724.5,563.0,647.45,,,,,,,,,,,False,False,False,Standard Rate,Standard Rate,,10,,
13-SOBR-5-BLK,Sobrie Hiker Safety Boots,,True,1,630.0,724.5,563.0,647.45,,,,,,,,,,,False,False,False,Standard Rate,Standard Rate,,10,,
13-SOBR-6-BLK,Sobrie Hiker Safety Boots,,True,1,630.0,724.5,563.0,647.45,,,,,,,,,,,False,False,False,Standard Rate,Standard Rate,,10,,
13-SOBR-7-BLK,Sobrie Hiker Safety Boots,,True,1,630.0,724.5,563.0,647.45,,,,,,,,,,,False,False,False,Standard Rate,Standard Rate,,10,,
13-SOBR-8-BLK,Sobrie Hiker Safety Boots,,True,1,630.0,724.5,563.0,647.45,,,,,,,,,,,False,False,False,Standard Rate,Standard Rate,,10,,
13-SOBR-9-BLK,Sobrie Hiker Safety Boots,,True,1,630.0,724.5,563.0,647.45,,,,,,,,,,,False,False,False,Standard Rate,Standard Rate,,10,,
13-SOBR-10-BLK,Sobrie Hiker Safety Boots,,True,1,630.0,724.5,563.0,647.45,,,,,,,,,,,False,False,False,Standard Rate,Standard Rate,,10,,
13-SOBR-11-BLK,Sobrie Hiker Safety Boots,,True,1,630.0,724.5,563.0,647.45,,,,,,,,,,,False,False,False,Standard Rate,Standard Rate,,10,,
13-SOBR-12-BLK,Sobrie Hiker Safety Boots,,True,1,630.0,724.5,563.0,647.45,,,,,,,,,,,False,False,False,Standard Rate,Standard Rate,,10,,
13-5-BLK,Clobber Security Combat Canvas Boots,,True,1,265.0,304.75,236.0,271.4,,,,,,,,,,,False,False,False,Standard Rate,Standard Rate,,10,,
13-6-BLK,Clobber Security Combat Canvas Boots,,True,1,265.0,304.75,236.0,271.4,,,,,,,,,,,False,False,False,Standard Rate,Standard Rate,,10,,
13-7-BLK,Clobber Security Combat Canvas Boots,,True,1,265.0,304.75,236.0,271.4,,,,,,,,,,,False,False,False,Standard Rate,Standard Rate,,10,,
13-8-BLK,Clobber Security Combat Canvas Boots,,True,1,265.0,304.75,236.0,271.4,,,,,,,,,,,False,False,False,Standard Rate,Standard Rate,,10,,
13-9-BLK,Clobber Security Combat Canvas Boots,,True,1,265.0,304.75,236.0,271.4,,,,,,,,,,,False,False,False,Standard Rate,Standard Rate,,10,,
13-10-BLK,Clobber Security Combat Canvas Boots,,True,1,265.0,304.75,236.0,271.4,,,,,,,,,,,False,False,False,Standard Rate,Standard Rate,,10,,
13-11-BLK,Clobber Security Combat Canvas Boots,,True,1,265.0,304.75,236.0,271.4,,,,,,,,,,,False,False,False,Standard Rate,Standard Rate,,10,,
13-12-BLK,Clobber Security Combat Canvas Boots,,True,1,265.0,304.75,236.0,271.4,,,,,,,,,,,False,False,False,Standard Rate,Standard Rate,,10,,
13-KURT-5-BR,Kurt Outdoor Boots,,True,1,854.0,982.1,763.0,877.45,,,,,,,,,,,False,False,False,Standard Rate,Standard Rate,,10,,
13-KURT-6-BR,Kurt Outdoor Boots,,True,1,854.0,982.1,763.0,877.45,,,,,,,,,,,False,False,False,Standard Rate,Standard Rate,,10,,
13-KURT-7-BR,Kurt Outdoor Boots,,True,1,854.0,982.1,763.0,877.45,,,,,,,,,,,False,False,False,Standard Rate,Standard Rate,,10,,
13-KURT-8-BR,Kurt Outdoor Boots,,True,1,854.0,982.1,763.0,877.45,,,,,,,,,,,False,False,False,Standard Rate,Standard Rate,,10,,
13-KURT-9-BR,Kurt Outdoor Boots,,True,1,854.0,982.1,763.0,877.45,,,,,,,,,,,False,False,False,Standard Rate,Standard Rate,,10,,
13-KURT-10-BR,Kurt Outdoor Boots,,True,1,854.0,982.1,763.0,877.45,,,,,,,,,,,False,False,False,Standard Rate,Standard Rate,,10,,
13-KURT-11-BR,Kurt Outdoor Boots,,True,1,854.0,982.1,763.0,877.45,,,,,,,,,,,False,False,False,Standard Rate,Standard Rate,,10,,
13-RAM-3-GY,Ram Sport Shoe,,True,1,462.0,531.3,413.0,474.95,,,,,,,,,,,False,False,False,Standard Rate,Standard Rate,,10,,
13-RAM-4-GY,Ram Sport Shoe,,True,1,462.0,531.3,413.0,474.95,,,,,,,,,,,False,False,False,Standard Rate,Standard Rate,,10,,
13-RAM-5-GY,Ram Sport Shoe,,True,1,462.0,531.3,413.0,474.95,,,,,,,,,,,False,False,False,Standard Rate,Standard Rate,,10,,
13-RAM-6-GY,Ram Sport Shoe,,True,1,462.0,531.3,413.0,474.95,,,,,,,,,,,False,False,False,Standard Rate,Standard Rate,,10,,
13-RAM-7-GY,Ram Sport Shoe,,True,1,462.0,531.3,413.0,474.95,,,,,,,,,,,False,False,False,Standard Rate,Standard Rate,,10,,
13-RAM-8-GY,Ram Sport Shoe,,True,1,462.0,531.3,413.0,474.95,,,,,,,,,,,False,False,False,Standard Rate,Standard Rate,,10,,
13-RAM-9-GY,Ram Sport Shoe,,True,1,462.0,531.3,413.0,474.95,,,,,,,,,,,False,False,False,Standard Rate,Standard Rate,,10,,
13-RAM-10-GY,Ram Sport Shoe,,True,1,462.0,531.3,413.0,474.95,,,,,,,,,,,False,False,False,Standard Rate,Standard Rate,,10,,
13-RAM-11-GY,Ram Sport Shoe,,True,1,462.0,531.3,413.0,474.95,,,,,,,,,,,False,False,False,Standard Rate,Standard Rate,,10,,
13-RAM-12-GY,Ram Sport Shoe,,True,1,462.0,531.3,413.0,474.95,,,,,,,,,,,False,False,False,Standard Rate,Standard Rate,,10,,
13-STEIN-5-BR,Stein Outdoor Boots,,True,1,644.0,740.6,575.0,661.25,,,,,,,,,,,False,False,False,Standard Rate,Standard Rate,,10,,
13-STEIN-6-BR,Stein Outdoor Boots,,True,1,644.0,740.6,575.0,661.25,,,,,,,,,,,False,False,False,Standard Rate,Standard Rate,,10,,
13-STEIN-7-BR,Stein Outdoor Boots,,True,1,644.0,740.6,575.0,661.25,,,,,,,,,,,False,False,False,Standard Rate,Standard Rate,,10,,
13-STEIN-8-BR,Stein Outdoor Boots,,True,1,644.0,740.6,575.0,661.25,,,,,,,,,,,False,False,False,Standard Rate,Standard Rate,,10,,
13-STEIN-9-BR,Stein Outdoor Boots,,True,1,644.0,740.6,575.0,661.25,,,,,,,,,,,False,False,False,Standard Rate,Standard Rate,,10,,
13-STEIN-10-BR,Stein Outdoor Boots,,True,1,644.0,740.6,575.0,661.25,,,,,,,,,,,False,False,False,Standard Rate,Standard Rate,,10,,
13-STEIN-11-BR,Stein Outdoor Boots,,True,1,644.0,740.6,575.0,661.25,,,,,,,,,,,False,False,False,Standard Rate,Standard Rate,,10,,
13-DOTGE-4-BLK,Gum Boots Gemini (NSTC),,True,1,98.0,112.7,84.0,96.6,,,,,,,,,,,False,False,False,Standard Rate,Standard Rate,,10,,
13-DOTGE-5-BLK,Gum Boots Gemini (NSTC),,True,1,98.0,112.7,84.0,96.6,,,,,,,,,,,False,False,False,Standard Rate,Standard Rate,,10,,
13-DOTGE-6-BLK,Gum Boots Gemini (NSTC),,True,1,98.0,112.7,84.0,96.6,,,,,,,,,,,False,False,False,Standard Rate,Standard Rate,,10,,
13-DOTGE-7-BLK,Gum Boots Gemini (NSTC),,True,1,98.0,112.7,84.0,96.6,,,,,,,,,,,False,False,False,Standard Rate,Standard Rate,,10,,
13-DOTGE-8-BLK,Gum Boots Gemini (NSTC),,True,1,98.0,112.7,84.0,96.6,,,,,,,,,,,False,False,False,Standard Rate,Standard Rate,,10,,
13-DOTGE-9-BLK,Gum Boots Gemini (NSTC),,True,1,98.0,112.7,84.0,96.6,,,,,,,,,,,False,False,False,Standard Rate,Standard Rate,,10,,
13-DOTGE-10-BLK,Gum Boots Gemini (NSTC),,True,1,98.0,112.7,84.0,96.6,,,,,,,,,,,False,False,False,Standard Rate,Standard Rate,,10,,
13-DOTGE-11-BLK,Gum Boots Gemini (NSTC),,True,1,98.0,112.7,84.0,96.6,,,,,,,,,,,False,False,False,Standard Rate,Standard Rate,,10,,
13-DOTGE-12-BLK,Gum Boots Gemini (NSTC),,True,1,98.0,112.7,84.0,96.6,,,,,,,,,,,False,False,False,Standard Rate,Standard Rate,,10,,
13-DOTLEO-6-BLK,Gum Boots Leo (STC),,True,1,133.0,152.95,119.0,136.85,,,,,,,,,,,False,False,False,Standard Rate,Standard Rate,,10,,
13-DOTLEO-7-BLK,Gum Boots Leo (STC),,True,1,133.0,152.95,119.0,136.85,,,,,,,,,,,False,False,False,Standard Rate,Standard Rate,,10,,
13-DOTLEO-8-BLK,Gum Boots Leo (STC),,True,1,133.0,152.95,119.0,136.85,,,,,,,,,,,False,False,False,Standard Rate,Standard Rate,,10,,
13-DOTLEO-9-BLK,Gum Boots Leo (STC),,True,1,133.0,152.95,119.0,136.85,,,,,,,,,,,False,False,False,Standard Rate,Standard Rate,,10,,
13-DOTLEO-10-BLK,Gum Boots Leo (STC),,True,1,133.0,152.95,119.0,136.85,,,,,,,,,,,False,False,False,Standard Rate,Standard Rate,,10,,
13-DOTLEO-11-BLK,Gum Boots Leo (STC),,True,1,133.0,152.95,119.0,136.85,,,,,,,,,,,False,False,False,Standard Rate,Standard Rate,,10,,
13-DOTLEO-12-BLK,Gum Boots Leo (STC),,True,1,133.0,152.95,119.0,136.85,,,,,,,,,,,False,False,False,Standard Rate,Standard Rate,,10,,
13-DOTSCO-6-W,Gum Boots Scorpio with Sole (NSTC),,True,1,140.0,161.0,125.0,143.75,,,,,,,,,,,False,False,False,Standard Rate,Standard Rate,,10,,
13-DOTSCO-7-W,Gum Boots Scorpio with Sole (NSTC),,True,1,140.0,161.0,125.0,143.75,,,,,,,,,,,False,False,False,Standard Rate,Standard Rate,,10,,
13-DOTSCO-8-W,Gum Boots Scorpio with Sole (NSTC),,True,1,140.0,161.0,125.0,143.75,,,,,,,,,,,False,False,False,Standard Rate,Standard Rate,,10,,
13-DOTSCO-9-W,Gum Boots Scorpio with Sole (NSTC),,True,1,140.0,161.0,125.0,143.75,,,,,,,,,,,False,False,False,Standard Rate,Standard Rate,,10,,
13-DOTSCO-10-W,Gum Boots Scorpio with Sole (NSTC),,True,1,140.0,161.0,125.0,143.75,,,,,,,,,,,False,False,False,Standard Rate,Standard Rate,,10,,
13-DOTSCO-11-W,Gum Boots Scorpio with Sole (NSTC),,True,1,140.0,161.0,125.0,143.75,,,,,,,,,,,False,False,False,Standard Rate,Standard Rate,,10,,
13-DOTSCO-12-W,Gum Boots Scorpio with Sole (NSTC),,True,1,140.0,161.0,125.0,143.75,,,,,,,,,,,False,False,False,Standard Rate,Standard Rate,,10,,
13-100486,Workwear Cushion Socks,,True,1,33.6,38.64,30.0,34.5,,,,,,,,,,,False,False,False,Standard Rate,Standard Rate,,10,,
13-1004861,Anti Static Cushion Socks,,True,1,40.6,46.69,36.25,41.69,,,,,,,,,,,False,False,False,Standard Rate,Standard Rate,,10,,
13-1004862,Flame Retardant Cushion Sock,,True,1,130.2,149.73,116.25,133.69,,,,,,,,,,,False,False,False,Standard Rate,Standard Rate,,10,,
13-1004863,Mining Socks Calf Length,,True,1,33.6,38.64,30.0,34.5,,,,,,,,,,,False,False,False,Standard Rate,Standard Rate,,10,,
13-100265,Beard Cover ( Min Order 1000/Box),,True,1,0.462,0.5313,0.4125,0.47,,,,,,,,,,,False,False,False,Standard Rate,Standard Rate,,10,,
13-100501,Polo Rag 100% Cotton ( 5KG Pack),,True,1,51.8,59.57,46.25,53.19,,,,,,,,,,,False,False,False,Standard Rate,Standard Rate,,10,,
13-100070-SVY,Aluminium Kevlar Fire & Heat Resist Glove,,True,1,315.0,362.25,281.25,323.44,,,,,,,,,,,False,False,False,Standard Rate,Standard Rate,,10,,
K-MSK-FFP1-Pion,FFP1 (20 Per Box),,True,1,6345.0,7296.75,5875.0,6756.25,,,,,,,,,,,False,False,False,Standard Rate,Standard Rate,,10,,
K-MSK-FFP2-Pion,FFP2 (20 Per Box),,True,1,81.0,93.15,75.0,86.25,,,,,,,,,,,False,False,False,Standard Rate,Standard Rate,,10,,
K-MSK-FFP2V-Pion,FFP2V (20 Per Box),,True,1,1135.0,1305.25,105.0,120.75,,,,,,,,,,,False,False,False,Standard Rate,Standard Rate,,10,,
K-MSK-FFP2FF-Pion,Flat Fold FFP 2 (40 Per Box),,True,1,100.0,115.0,925.0,1063.75,,,,,,,,,,,False,False,False,Standard Rate,Standard Rate,,10,,
K-MSK-FFP2FFV-Pion,Flat Fold FFP 2 V (20 Per Box),,True,1,702.0,807.3,65.0,74.75,,,,,,,,,,,False,False,False,Standard Rate,Standard Rate,,10,,
K-MSK-FFP3FF-Pion,Flat Fold 3 (20 Per Box),,True,1,145.0,166.75,135.0,155.25,,,,,,,,,,,False,False,False,Standard Rate,Standard Rate,,10,,
K-MSK-FFP3FFV-Pion,Flat Fold 3 V (20 Per Box),,True,1,159.0,182.85,145.0,166.75,,,,,,,,,,,False,False,False,Standard Rate,Standard Rate,,10,,
K-MSK-FFP2FFAC-Pion,Flat Fold FFP 2 Active Carbon (20 Per Box),,True,1,27864.0,32043.6,258.0,296.7,,,,,,,,,,,False,False,False,Standard Rate,Standard Rate,,10,,
K-MSK-FFP3FFAC-Pion,Flat Fold FFP 3 Active Carbon Valve Per Mask,,True,1,45.0,51.75,42.0,48.3,,,,,,,,,,,False,False,False,Standard Rate,Standard Rate,,10,,
BWF001-O,Buggy Whip Flag,,True,1,46.2,53.13,41.25,47.44,,,,,,,,,,,False,False,False,Standard Rate,Standard Rate,,10,,
BWS001-R,Buggy Whip Flag,,True,1,46.2,53.13,41.25,47.44,,,,,,,,,,,False,False,False,Standard Rate,Standard Rate,,10,,
RFR-001-R,Flag Wooden Handle,,True,1,64.4,74.06,57.5,66.13,,,,,,,,,,,False,False,False,Standard Rate,Standard Rate,,10,,
RFR-002-R,Flag Wooden Handle with Reflective Tape,,True,1,78.4,90.16,70.0,80.5,,,,,,,,,,,False,False,False,Standard Rate,Standard Rate,,10,,
V014-Y-L,Reflective Mesh Maxi Bib,,True,1,27.0,31.05,21.9125,25.2,,,,,,,,,,,False,False,False,Standard Rate,Standard Rate,,10,,
V014-O,Reflective Mesh Maxi Bib,,True,1,27.0,31.05,21.9125,25.2,,,,,,,,,,,False,False,False,Standard Rate,Standard Rate,,10,,
V015-Y-L,Reflective Solid Material Bib,,True,1,29.0,33.35,25.175,28.95,,,,,,,,,,,False,False,False,Standard Rate,Standard Rate,,10,,
V015-O,Reflective Solid Material Bib,,True,1,29.0,33.35,25.175,28.95,,,,,,,,,,,False,False,False,Standard Rate,Standard Rate,,10,,
V016-Y-L,Refective Bib with Adjustable Velcro Attatch Mining Style,,True,1,79.0,90.85,68.425,78.69,,,,,,,,,,,False,False,False,Standard Rate,Standard Rate,,10,,
V017-Y-L,Refective Bib - Adjustable Velcro Attatch Government(EPWP) Style,,True,1,39.0,44.85,33.575,38.61,,,,,,,,,,,False,False,False,Standard Rate,Standard Rate,,10,,
V040-L,Hi-Vis Brace with Elastic,,True,1,69.0,79.35,59.8375,68.81,,,,,,,,,,,False,False,False,Standard Rate,Standard Rate,,10,,
V023O-O,Pioneer ® Reflective Vest with Zip & ID Pouch,,True,1,55.0,63.25,47.5375,54.67,,,,,,,,,,,False,False,False,Standard Rate,Standard Rate,,10,,
V020-P,Pioneer ® Reflective Vest with Zip & ID Pouch,,True,1,69.0,79.35,59.575,68.51,,,,,,,,,,,False,False,False,Standard Rate,Standard Rate,,10,,
V021-R,Pioneer ® Reflective Vest with Zip & ID Pouch,,True,1,69.0,79.35,59.575,68.51,,,,,,,,,,,False,False,False,Standard Rate,Standard Rate,,10,,
V022-B,Pioneer ® Reflective Vest with Zip & ID Pouch,,True,1,69.0,79.35,59.575,68.51,,,,,,,,,,,False,False,False,Standard Rate,Standard Rate,,10,,
V013-N,Pioneer ® Reflective Vest with Zip & ID Pouch,,True,1,69.0,79.35,59.575,68.51,,,,,,,,,,,False,False,False,Standard Rate,Standard Rate,,10,,
V018-EMG,Pioneer ® Reflective Vest with Zip & ID Pouch,,True,1,69.0,79.35,59.575,68.51,,,,,,,,,,,False,False,False,Standard Rate,Standard Rate,,10,,
V033-Y,Pioneer ® Reflective Vest with Zip & ID Pouch,,True,1,69.0,79.35,59.575,68.51,,,,,,,,,,,False,False,False,Standard Rate,Standard Rate,,10,,
V034-BKG,Pioneer ® Reflective Vest with Zip & ID Pouch,,True,1,69.0,79.35,59.575,68.51,,,,,,,,,,,False,False,False,Standard Rate,Standard Rate,,10,,
V041-BLK,Pioneer ® Reflective Vest with Zip & ID Pouch,,True,1,69.0,79.35,59.575,68.51,,,,,,,,,,,False,False,False,Standard Rate,Standard Rate,,10,,
V032-LO,Pioneer ® Two Tone Reflective Vest Zip & ID Pouch,,True,1,69.0,79.35,59.6125,68.55,,,,,,,,,,,False,False,False,Standard Rate,Standard Rate,,10,,
V042-L,Pioneer ®Flame Retardant and Antistatic Safety Vest New,,True,1,198.0,227.7,172.975,198.92,,,,,,,,,,,False,False,False,Standard Rate,Standard Rate,,10,,
V024Y-L,Pioneer ® Mesh Reflective Vest Zip with Zip & ID Pouch,,True,1,65.0,74.75,56.1875,64.62,,,,,,,,,,,False,False,False,Standard Rate,Standard Rate,,10,,
V031Y-L,Pioneer ® Mesh Reflective Vest Zip with PVC Tape,,True,1,65.0,74.75,56.1875,64.62,,,,,,,,,,,False,False,False,Standard Rate,Standard Rate,,10,,
V037,Reflective Vest with PVC Tape Velcro Close Special,,True,1,47.0,54.05,40.0,46.0,,,,,,,,,,,False,False,False,Standard Rate,Standard Rate,,10,,
V038,Air Field Waist Coat PVC Tape Velcro Close Premium(Airport),,True,1,98.0,112.7,83.0,95.45,,,,,,,,,,,False,False,False,Standard Rate,Standard Rate,,10,,
V035-ON,Pioneer ® Signalling Vest,,True,1,189.0,217.35,165.2875,190.08,,,,,,,,,,,False,False,False,Standard Rate,Standard Rate,,10,,
V036-LN,Pioneer ® Signalling Vest,,True,1,189.0,217.35,165.2875,190.08,,,,,,,,,,,False,False,False,Standard Rate,Standard Rate,,10,,
V050-L,Pioneer ® Neo Explorer Vest with Multi Pocket,,True,1,459.0,527.85,406.25,467.19,,,,,,,,,,,False,False,False,Standard Rate,Standard Rate,,10,,
V051-LO,Pioneer ® Two Tone Neo Explorer Vest with Multi Pocket,,True,1,495.0,569.25,437.5,503.13,,,,,,,,,,,False,False,False,Standard Rate,Standard Rate,,10,,
V025-LO,Pioneer ® Reflective Jacket with Long Sleeve,,True,1,198.0,227.7,172.975,198.92,,,,,,,,,,,False,False,False,Standard Rate,Standard Rate,,10,,
V027-LO,Pioneer ® Reflective Jacket Sleeveless,,True,1,189.0,217.35,165.2875,190.08,,,,,,,,,,,False,False,False,Standard Rate,Standard Rate,,10,,
V030,Pioneer ®Metro Reflective Jacket Detachable Sleeve,,True,1,279.0,320.85,244.725,281.43,,,,,,,,,,,False,False,False,Standard Rate,Standard Rate,,10,,
V039-LN,Pioneer ®Metro Reflective Jacket Detachable Sleeve,,True,1,289.0,332.35,253.6875,291.74,,,,,,,,,,,False,False,False,Standard Rate,Standard Rate,,10,,
V026-O,Reflective Vest with LED Light,,True,1,193.0,221.95,169.125,194.49,,,,,,,,,,,False,False,False,Standard Rate,Standard Rate,,10,,
V026Lime-L,Econo Reflective Vest with Zip&ID Pouch,,True,1,193.0,221.95,169.125,194.49,,,,,,,,,,,False,False,False,Standard Rate,Standard Rate,,10,,
O-O,Econo Reflective Vest with Zip&ID Pouch,,True,1,49.9,57.385,43.5625,50.1,,,,,,,,,,,False,False,False,Standard Rate,Standard Rate,,10,,
V003-O,Winter Bunny Jacket Zip Off Sleeve,,True,1,798.0,917.7,717.5,825.13,,,,,,,,,,,False,False,False,Standard Rate,Standard Rate,,10,,
V004-L,Winter Bunny Jacket Zip Off Sleeve,,True,1,798.0,917.7,717.5,825.13,,,,,,,,,,,False,False,False,Standard Rate,Standard Rate,,10,,
V005-N,Winter Bunny Jacket Zip Off Sleeve,,True,1,798.0,917.7,717.5,825.13,,,,,,,,,,,False,False,False,Standard Rate,Standard Rate,,10,,
V043-ON,Winter Bunny Jacket Zip Off Sleeve Two Tone,,True,1,839.0,964.85,743.75,855.31,,,,,,,,,,,False,False,False,Standard Rate,Standard Rate,,10,,
V044-LN,Winter Bunny Jacket Zip Off Sleeve Two Tone,,True,1,839.0,964.85,743.75,855.31,,,,,,,,,,,False,False,False,Standard Rate,Standard Rate,,10,,
V045-P,Winter Bunny Jacket Zip Off Sleeve,,True,1,839.0,964.85,743.75,855.31,,,,,,,,,,,False,False,False,Standard Rate,Standard Rate,,10,,
V046-BLK,Winter Bunny Jacket Zip Off Sleeve,,True,1,839.0,964.85,743.75,855.31,,,,,,,,,,,False,False,False,Standard Rate,Standard Rate,,10,,
V001-L,Parka Jacket with Reflective Tape,,True,1,765.0,879.75,680.0,782.0,,,,,,,,,,,False,False,False,Standard Rate,Standard Rate,,10,,
V002-N,Parka Jacket with Reflective Tape,,True,1,765.0,879.75,680.0,782.0,,,,,,,,,,,False,False,False,Standard Rate,Standard Rate,,10,,
V006-ON,High Visibility Two Tone Freezer Traffic Jacket,,True,1,795.0,914.25,708.75,815.06,,,,,,,,,,,False,False,False,Standard Rate,Standard Rate,,10,,
V007-LN,High Visibility Two Tone Freezer Traffic Jacket,,True,1,795.0,914.25,708.75,815.06,,,,,,,,,,,False,False,False,Standard Rate,Standard Rate,,10,,
V010-L,High - Vis 3 in 1 Parka Jacket New,,True,1,1290.0,1483.5,1203.75,1384.31,,,,,,,,,,,False,False,False,Standard Rate,Standard Rate,,10,,
V008-NVB,Oxford Freezer Jacket,,True,1,498.0,572.7,452.5,520.38,,,,,,,,,,,False,False,False,Standard Rate,Standard Rate,,10,,
V009-NVB,Oxford Freezer Trouser,,True,1,298.0,342.7,268.75,309.06,,,,,,,,,,,False,False,False,Standard Rate,Standard Rate,,10,,
PW001-BLK,Everest® Softshell Jacket,,True,1,629.0,723.35,563.75,648.31,,,,,,,,,,,False,False,False,Standard Rate,Standard Rate,,10,,
PW002-N,Everest® Softshell Jacket,,True,1,629.0,723.35,563.75,648.31,,,,,,,,,,,False,False,False,Standard Rate,Standard Rate,,10,,
EV001-BLK,Everest® Puffer Jacket,,True,1,659.0,757.85,593.75,682.81,,,,,,,,,,,False,False,False,Standard Rate,Standard Rate,,10,,
PT001-K,Everest® Trekkercomfort Pant,,True,1,739.0,849.85,658.75,757.56,,,,,,,,,,,False,False,False,Standard Rate,Standard Rate,,10,,
PT002-N,Everest® Trekkercomfort Pant,,True,1,739.0,849.85,658.75,757.56,,,,,,,,,,,False,False,False,Standard Rate,Standard Rate,,10,,
PT003,Everest® Protrek Trousers,,True,1,879.0,1010.85,791.25,909.94,,,,,,,,,,,False,False,False,Standard Rate,Standard Rate,,10,,
EV003-YN,Everest® Hivispro Shirts Long Sleeve,,True,1,415.0,477.25,368.75,424.06,,,,,,,,,,,False,False,False,Standard Rate,Standard Rate,,10,,
EV004-ON,Everest® Hivispro Shirts Long Sleeve,,True,1,415.0,477.25,368.75,424.06,,,,,,,,,,,False,False,False,Standard Rate,Standard Rate,,10,,
R005-Y,Hydro Premium Heavy Duty PVC Rain Suit,,True,1,249.0,286.35,220.0,253.0,,,,,,,,,,,False,False,False,Standard Rate,Standard Rate,,10,,
R004-N,Hydro Premium Heavy Duty PVC Rain Suit New,,True,1,249.0,286.35,220.0,253.0,,,,,,,,,,,False,False,False,Standard Rate,Standard Rate,,10,,
R006-N,Pioneer Storm Guard PU Rain Suit,,True,1,498.0,572.7,466.25,536.19,,,,,,,,,,,False,False,False,Standard Rate,Standard Rate,,10,,
R007-NO,Pioneer Storm Guard PU Rain Suit with Ref Tape New,,True,1,750.0,862.5,687.5,790.63,,,,,,,,,,,False,False,False,Standard Rate,Standard Rate,,10,,
RN-N,Rubberrised Rainsuit,,True,1,169.0,194.35,147.375,169.48,,,,,,,,,,,False,False,False,Standard Rate,Standard Rate,,10,,
RY-Y,Rubberrised Rainsuit,,True,1,169.0,194.35,147.375,169.48,,,,,,,,,,,False,False,False,Standard Rate,Standard Rate,,10,,
RG-OLG,Rubberrised Rainsuit,,True,1,169.0,194.35,147.375,169.48,,,,,,,,,,,False,False,False,Standard Rate,Standard Rate,,10,,
RBK-BLK,Rubberrised Rainsuit,,True,1,169.0,194.35,147.375,169.48,,,,,,,,,,,False,False,False,Standard Rate,Standard Rate,,10,,
PONCHO-N,Rubberrised Poncho New,,True,1,95.0,109.25,81.0,93.15,,,,,,,,,,,False,False,False,Standard Rate,Standard Rate,,10,,
RRN-N,Rubberrised Rain Suit with Reflective Tape,,True,1,195.0,224.25,171.75,197.51,,,,,,,,,,,False,False,False,Standard Rate,Standard Rate,,10,,
RRY-Y,Rubberrised Rain Suit with Reflective Tape,,True,1,195.0,224.25,171.75,197.51,,,,,,,,,,,False,False,False,Standard Rate,Standard Rate,,10,,
RRL-L,Rubberrised Rainsuit with Reflective Tape,,True,1,198.0,227.7,175.5,201.83,,,,,,,,,,,False,False,False,Standard Rate,Standard Rate,,10,,
RRO-O,Rubberrised Rainsuit with Reflective Tape,,True,1,198.0,227.7,175.5,201.83,,,,,,,,,,,False,False,False,Standard Rate,Standard Rate,,10,,
RCY-Y,Rubberrised Rain Coat,,True,1,125.0,143.75,109.875,126.36,,,,,,,,,,,False,False,False,Standard Rate,Standard Rate,,10,,
RCO-O,Rubberrised Rain Coat,,True,1,125.0,143.75,109.875,126.36,,,,,,,,,,,False,False,False,Standard Rate,Standard Rate,,10,,
RCN-N,Rubberrised Rain Coat,,True,1,125.0,143.75,109.875,126.36,,,,,,,,,,,False,False,False,Standard Rate,Standard Rate,,10,,
R001-Y,PVC Rainsuit,,True,1,159.0,182.85,139.875,160.86,,,,,,,,,,,False,False,False,Standard Rate,Standard Rate,,10,,
V019-L,Hi-Viz Rain Jacket,,True,1,109.0,125.35,93.875,107.96,,,,,,,,,,,False,False,False,Standard Rate,Standard Rate,,10,,
A016,Chrome Leather Knee Spats,,True,1,105.0,120.75,88.375,101.63,,,,,,,,,,,False,False,False,Standard Rate,Standard Rate,,10,,
A017,Chrome Leather Ankle Spats,,True,1,55.0,63.25,46.125,53.04,,,,,,,,,,,False,False,False,Standard Rate,Standard Rate,,10,,
A015-M-XL,Chrome Leather Yoke,,True,1,249.0,286.35,220.375,253.43,,,,,,,,,,,False,False,False,Standard Rate,Standard Rate,,10,,
A015-2XL,Chrome Leather Yoke,,True,1,249.0,286.35,220.375,253.43,,,,,,,,,,,False,False,False,Standard Rate,Standard Rate,,10,,
A015-3XL,Chrome Leather Yoke,,True,1,249.0,286.35,220.375,253.43,,,,,,,,,,,False,False,False,Standard Rate,Standard Rate,,10,,
A015-4XL,Chrome Leather Yoke,,True,1,249.0,286.35,220.375,253.43,,,,,,,,,,,False,False,False,Standard Rate,Standard Rate,,10,,
A018,Chrome Leather Apron 60 X 90 One Piece,,True,1,139.0,159.85,125.625,144.47,,,,,,,,,,,False,False,False,Standard Rate,Standard Rate,,10,,
A018B,Chrome Leather Apron 60 X 120 One Piece,,True,1,159.0,182.85,139.625,160.57,,,,,,,,,,,False,False,False,Standard Rate,Standard Rate,,10,,
A023-L,Pioneer Tough Welders Jacket,,True,1,1350.0,1552.5,1312.0,1508.8,,,,,,,,,,,False,False,False,Standard Rate,Standard Rate,,10,,
A023-XL,Pioneer Tough Welders Jacket,,True,1,1350.0,1552.5,1312.0,1508.8,,,,,,,,,,,False,False,False,Standard Rate,Standard Rate,,10,,
A023-2XL,Pioneer Tough Welders Jacket,,True,1,1350.0,1552.5,1312.0,1508.8,,,,,,,,,,,False,False,False,Standard Rate,Standard Rate,,10,,
A023-3XL,Pioneer Tough Welders Jacket,,True,1,1350.0,1552.5,1312.0,1508.8,,,,,,,,,,,False,False,False,Standard Rate,Standard Rate,,10,,
A013-RBLK,Pioneer Tough Flame Retardant Sleeve,,True,1,259.0,297.85,229.375,263.78,,,,,,,,,,,False,False,False,Standard Rate,Standard Rate,,10,,
A014-Y,Pioneer Tough Leather Sleeve Velcro Close,,True,1,329.0,378.35,294.75,338.96,,,,,,,,,,,False,False,False,Standard Rate,Standard Rate,,10,,
A022M-XL,Chrome Leather Welding Jacket,,True,1,439.0,504.85,397.25,456.84,,,,,,,,,,,False,False,False,Standard Rate,Standard Rate,,10,,
A022XXL-3XL,Chrome Leather Welding Jacket,,True,1,439.0,504.85,397.25,456.84,,,,,,,,,,,False,False,False,Standard Rate,Standard Rate,,10,,
A022-4XL,Chrome Leather Welding Jacket,,True,1,439.0,504.85,397.25,456.84,,,,,,,,,,,False,False,False,Standard Rate,Standard Rate,,10,,
A012M-XL,Chrome Leathertrouser,,True,1,439.0,504.85,397.25,456.84,,,,,,,,,,,False,False,False,Standard Rate,Standard Rate,,10,,
A012-2XL-3XL,Chrome LEATHERTROUSER2XL,,True,1,439.0,504.85,397.25,456.84,,,,,,,,,,,False,False,False,Standard Rate,Standard Rate,,10,,
A100-2XL-B,Leather Welder'S Jacket Super Heavy Duty,,True,1,850.0,977.5,812.5,934.38,,,,,,,,,,,False,False,False,Standard Rate,Standard Rate,,10,,
PVC-APRON-HD-ARG,PVC Apron,,True,1,49.021,56.37415,41.125,47.29,,,,,,,,,,,False,False,False,Standard Rate,Standard Rate,,10,,
PVC-APRON-HDY-Y,PVC Apron,,True,1,49.021,56.37415,41.125,47.29,,,,,,,,,,,False,False,False,Standard Rate,Standard Rate,,10,,
PVC-APRON-600G-W,PVC Apron,,True,1,49.021,56.37415,41.125,47.29,,,,,,,,,,,False,False,False,Standard Rate,Standard Rate,,10,,
PVC-APRON-B,PVC Apron,,True,1,49.0,56.35,41.0,47.15,,,,,,,,,,,False,False,False,Standard Rate,Standard Rate,,10,,
PVC-APRON-ORG-O,PVC Apron,,True,1,49.021,56.37415,41.125,47.29,,,,,,,,,,,False,False,False,Standard Rate,Standard Rate,,10,,
PVC-APRON-B&F-W,PVC Apron Blood and Fat Resistant,,True,1,113.0165,129.968975,94.8125,109.03,,,,,,,,,,,False,False,False,Standard Rate,Standard Rate,,10,,
A025-W,Mop Cap,,True,1,44.0,50.6,35.75,41.11,,,,,,,,,,,False,False,False,Standard Rate,Standard Rate,,10,,
A025-B,Mop Cap,,True,1,44.0,50.6,35.75,41.11,,,,,,,,,,,False,False,False,Standard Rate,Standard Rate,,10,,
A025-R,Mop Cap,,True,1,44.0,50.6,35.75,41.11,,,,,,,,,,,False,False,False,Standard Rate,Standard Rate,,10,,
A025-P,Mop Cap,,True,1,44.0,50.6,35.75,41.11,,,,,,,,,,,False,False,False,Standard Rate,Standard Rate,,10,,
A025-G,Mop Cap,,True,1,44.0,50.6,35.75,41.11,,,,,,,,,,,False,False,False,Standard Rate,Standard Rate,,10,,
A002-CL,Clear Deli Glove 100PCS Pack,,True,1,17.5,20.125,15.4625,17.78,,,,,,,,,,,False,False,False,Standard Rate,Standard Rate,,10,,
A003-B,Disposable Shoe Cover Non Woven 100PCS Pack,,True,1,105.0,120.75,92.0625,105.87,,,,,,,,,,,False,False,False,Standard Rate,Standard Rate,,10,,
A004,Disposable Apron 100 Pcs Pack,,True,1,115.0,132.25,99.875,114.86,,,,,,,,,,,False,False,False,Standard Rate,Standard Rate,,10,,
A028,Disposable Beard Cover 100PCS Pack,,True,1,92.0,105.8,79.0625,90.92,,,,,,,,,,,False,False,False,Standard Rate,Standard Rate,,10,,
A033-W,Disposable Overall Zip+Hood Non Woven,,True,1,42.0,48.3,35.0,40.25,,,,,,,,,,,False,False,False,Standard Rate,Standard Rate,,10,,
A033-B,Disposable Overall Zip+Hood Non Woven,,True,1,42.0,48.3,35.0,40.25,,,,,,,,,,,False,False,False,Standard Rate,Standard Rate,,10,,
A044-W,Disposable Overall Zip+Hood Non Woven 50GSM Water Repellent,,True,1,42.0,48.3,43.75,50.31,,,,,,,,,,,False,False,False,Standard Rate,Standard Rate,,10,,
A042,"Disposable Overall TYPE5/6 EN1149, EN13034, EN ISO13982-1",,True,1,83.0,95.45,71.25,81.94,,,,,,,,,,,False,False,False,Standard Rate,Standard Rate,,10,,
A043,"Disposable Overall TYPE4/5/6 EN1149, EN13034, EN ISO13982-1",,True,1,89.0,102.35,77.5,89.13,,,,,,,,,,,False,False,False,Standard Rate,Standard Rate,,10,,
TS-100CT145-WH-W,T-Shirts 100% Cotton Crew Neck,,True,1,75.0,86.25,65.425,75.24,,,,,,,,,,,False,False,False,Standard Rate,Standard Rate,,10,,
TS-100CT145-BK-BLK,T-Shirts 100% Cotton Crew Neck,,True,1,75.0,86.25,65.425,75.24,,,,,,,,,,,False,False,False,Standard Rate,Standard Rate,,10,,
TS-100CT145-NB-N,T-Shirts 100% Cotton Crew Neck,,True,1,75.0,86.25,65.425,75.24,,,,,,,,,,,False,False,False,Standard Rate,Standard Rate,,10,,
TS-100CT145-RB-RYB,T-Shirts 100% Cotton Crew Neck,,True,1,75.0,86.25,65.425,75.24,,,,,,,,,,,False,False,False,Standard Rate,Standard Rate,,10,,
TS-100CT145-RD-R,T-Shirts 100% Cotton Crew Neck,,True,1,75.0,86.25,65.425,75.24,,,,,,,,,,,False,False,False,Standard Rate,Standard Rate,,10,,
TS-100CT145-BG-G,T-Shirts 100% Cotton Crew Neck,,True,1,75.0,86.25,65.425,75.24,,,,,,,,,,,False,False,False,Standard Rate,Standard Rate,,10,,
TS-100CT145-LY-LMY,T-Shirts 100% Cotton Crew Neck,,True,1,75.0,86.25,65.425,75.24,,,,,,,,,,,False,False,False,Standard Rate,Standard Rate,,10,,
TS-100CT145-GY,T-Shirts 100% Cotton Crew Neck,,True,1,75.0,86.25,65.425,75.24,,,,,,,,,,,False,False,False,Standard Rate,Standard Rate,,10,,
PW003-S-4XL-N,Full Hi-Vis Shirt 100% Cotton Long Sleeve,,True,1,419.0,481.85,368.0,423.2,,,,,,,,,,,False,False,False,Standard Rate,Standard Rate,,10,,
PW004-S-4XL-NO,Hi-Vis Shirt 100% Cotton Long Sleeve,,True,1,419.0,481.85,368.0,423.2,,,,,,,,,,,False,False,False,Standard Rate,Standard Rate,,10,,
PW005-S-4XL-NSKB,Hi-Vis Shirt 100% Cotton Long Sleeve,,True,1,419.0,481.85,368.0,423.2,,,,,,,,,,,False,False,False,Standard Rate,Standard Rate,,10,,
PW006-S-4XL-NY,Hi-Vis Shirt 100% Cotton Long Sleeve,,True,1,419.0,481.85,368.0,423.2,,,,,,,,,,,False,False,False,Standard Rate,Standard Rate,,10,,
PW007-S-4XL-NL,Hi-Vis Shirt 100% Cotton Long Sleeve,,True,1,419.0,481.85,368.0,423.2,,,,,,,,,,,False,False,False,Standard Rate,Standard Rate,,10,,
PW013-S-4XL-GARG,Hi-Vis Shirt 100% Cotton Long Sleeve New,,True,1,419.0,481.85,368.0,423.2,,,,,,,,,,,False,False,False,Standard Rate,Standard Rate,,10,,
PW014-S-4XL-NELB,Hi-Vis Shirt 100% Cotton Long Sleeve New,,True,1,419.0,481.85,368.0,423.2,,,,,,,,,,,False,False,False,Standard Rate,Standard Rate,,10,,
PW008-S-4XL-N,Full Hi-Vis Shirt 100% Cotton Short Sleeve,,True,1,399.0,458.85,355.0,408.25,,,,,,,,,,,False,False,False,Standard Rate,Standard Rate,,10,,
PW009-S-4XL-NO,Hi-Vis Shirt 100% Cotton Short Sleeve,,True,1,399.0,458.85,355.0,408.25,,,,,,,,,,,False,False,False,Standard Rate,Standard Rate,,10,,
PW010-S-4XL-NSKB,Hi-Vis Shirt 100% Cotton Short Sleeve,,True,1,399.0,458.85,355.0,408.25,,,,,,,,,,,False,False,False,Standard Rate,Standard Rate,,10,,
PW011-S-4XL-NY,Hi-Vis Shirt 100% Cotton Short Sleeve,,True,1,399.0,458.85,355.0,408.25,,,,,,,,,,,False,False,False,Standard Rate,Standard Rate,,10,,
PW012-S-4XL-NL,Hi-Vis Shirt 100% Cotton Short Sleeve,,True,1,399.0,458.85,355.0,408.25,,,,,,,,,,,False,False,False,Standard Rate,Standard Rate,,10,,
D59AF-J-32-44,D59 Flame / Acid Retardant Jacket,,True,1,325.0,373.75,287.5,330.63,,,,,,,,,,,False,False,False,Standard Rate,Standard Rate,,10,,
D59AF-J-46,D59 Flame / Acid Retardant Jacket,,True,1,325.0,373.75,287.5,330.63,,,,,,,,,,,False,False,False,Standard Rate,Standard Rate,,10,,
D59AF-J-48,D59 Flame / Acid Retardant Jacket,,True,1,325.0,373.75,287.5,330.63,,,,,,,,,,,False,False,False,Standard Rate,Standard Rate,,10,,
D59AF-J-50,D59 Flame / Acid Retardant Jacket,,True,1,325.0,373.75,287.5,330.63,,,,,,,,,,,False,False,False,Standard Rate,Standard Rate,,10,,
D59AF-J-52,D59 Flame / Acid Retardant Jacket,,True,1,325.0,373.75,287.5,330.63,,,,,,,,,,,False,False,False,Standard Rate,Standard Rate,,10,,
D59AF-J-54,D59 Flame / Acid Retardant Jacket,,True,1,325.0,373.75,287.5,330.63,,,,,,,,,,,False,False,False,Standard Rate,Standard Rate,,10,,
D59AF-J-56,D59 Flame / Acid Retardant Jacket,,True,1,325.0,373.75,287.5,330.63,,,,,,,,,,,False,False,False,Standard Rate,Standard Rate,,10,,
D59AF-T-28-40,D59 Flame / Acid Retardant Trouser,,True,1,329.0,378.35,287.5,330.63,,,,,,,,,,,False,False,False,Standard Rate,Standard Rate,,10,,
D59AF-T-42,D59 Flame / Acid Retardant Trouser,,True,1,329.0,378.35,287.5,330.63,,,,,,,,,,,False,False,False,Standard Rate,Standard Rate,,10,,
D59AF-T-44,D59 Flame / Acid Retardant Trouser,,True,1,329.0,378.35,287.5,330.63,,,,,,,,,,,False,False,False,Standard Rate,Standard Rate,,10,,
D59AF-T-46,D59 Flame / Acid Retardant Trouser,,True,1,329.0,378.35,287.5,330.63,,,,,,,,,,,False,False,False,Standard Rate,Standard Rate,,10,,
D59AF-T-48,D59 Flame / Acid Retardant Trouser,,True,1,329.0,378.35,287.5,330.63,,,,,,,,,,,False,False,False,Standard Rate,Standard Rate,,10,,
D59BS-32-44,D59 Flame/Acid Retardant Boiler Suits,,True,1,630.0,724.5,562.5,646.88,,,,,,,,,,,False,False,False,Standard Rate,Standard Rate,,10,,
D59BS-46,D59 Flame/Acid Retardant Boiler Suits,,True,1,695.0,799.25,618.75,711.56,,,,,,,,,,,False,False,False,Standard Rate,Standard Rate,,10,,
D59BS-48,D59 Flame/Acid Retardant Boiler Suits,,True,1,725.0,833.75,646.875,743.91,,,,,,,,,,,False,False,False,Standard Rate,Standard Rate,,10,,
D59BS-50,D59 Flame/Acid Retardant Boiler Suits,,True,1,760.0,874.0,675.0,776.25,,,,,,,,,,,False,False,False,Standard Rate,Standard Rate,,10,,
D59BS-52,D59 Flame/Acid Retardant Boiler Suits,,True,1,790.0,908.5,703.125,808.59,,,,,,,,,,,False,False,False,Standard Rate,Standard Rate,,10,,
D59BS-54,D59 Flame/Acid Retardant Boiler Suits,,True,1,820.0,943.0,731.25,840.94,,,,,,,,,,,False,False,False,Standard Rate,Standard Rate,,10,,
D59BS-56,D59 Flame/Acid Retardant Boiler Suits,,True,1,850.0,977.5,759.0,872.85,,,,,,,,,,,False,False,False,Standard Rate,Standard Rate,,10,,
D59BS-58,D59 Flame/Acid Retardant Boiler Suits,,True,1,970.0,1115.5,860.3125,989.36,,,,,,,,,,,False,False,False,Standard Rate,Standard Rate,,10,,
CS001-32-44-KBTG,Two Tone Contisuit,,True,1,229.0,263.35,206.25,237.19,,,,,,,,,,,False,False,False,Standard Rate,Standard Rate,,10,,
CS001-46-KBTG,Two Tone Contisuit,,True,1,255.0,293.25,226.875,260.91,,,,,,,,,,,False,False,False,Standard Rate,Standard Rate,,10,,
CS001-48-KBTG,Two Tone Contisuit,,True,1,265.0,304.75,237.1875,272.77,,,,,,,,,,,False,False,False,Standard Rate,Standard Rate,,10,,
CS001-50-KBTG,Two Tone Contisuit,,True,1,275.0,316.25,247.5,284.63,,,,,,,,,,,False,False,False,Standard Rate,Standard Rate,,10,,
CS001-52-KBTG,Two Tone Contisuit,,True,1,290.0,333.5,257.8125,296.48,,,,,,,,,,,False,False,False,Standard Rate,Standard Rate,,10,,
CS001-54-KBTG,Two Tone Contisuit,,True,1,299.0,343.85,268.125,308.34,,,,,,,,,,,False,False,False,Standard Rate,Standard Rate,,10,,
CS001-56-KBTG,Two Tone Contisuit,,True,1,315.0,362.25,278.4375,320.2,,,,,,,,,,,False,False,False,Standard Rate,Standard Rate,,10,,
CS001-58-KBTG,Two Tone Contisuit,,True,1,325.0,373.75,288.75,332.06,,,,,,,,,,,False,False,False,Standard Rate,Standard Rate,,10,,
CS002-32-44-KNVB,Two Tone Contisuit,,True,1,235.0,270.25,206.25,237.19,,,,,,,,,,,False,False,False,Standard Rate,Standard Rate,,10,,
CS002-46-KNVB,Two Tone Contisuit,,True,1,235.0,270.25,206.25,237.19,,,,,,,,,,,False,False,False,Standard Rate,Standard Rate,,10,,
CS002-48-KNVB,Two Tone Contisuit,,True,1,269.0,309.35,236.875,272.41,,,,,,,,,,,False,False,False,Standard Rate,Standard Rate,,10,,
CS002-50-KNVB,Two Tone Contisuit,,True,1,279.0,320.85,247.5,284.63,,,,,,,,,,,False,False,False,Standard Rate,Standard Rate,,10,,
CS002-52-KNVB,Two Tone Contisuit,,True,1,298.0,342.7,257.8125,296.48,,,,,,,,,,,False,False,False,Standard Rate,Standard Rate,,10,,
CS002-54-KNVB,Two Tone Contisuit,,True,1,305.0,350.75,268.125,308.34,,,,,,,,,,,False,False,False,Standard Rate,Standard Rate,,10,,
CS002-56-KNVB,Two Tone Contisuit,,True,1,315.0,362.25,278.4375,320.2,,,,,,,,,,,False,False,False,Standard Rate,Standard Rate,,10,,
CS002-58-KNVB,Two Tone Contisuit,,True,1,325.0,373.75,288.75,332.06,,,,,,,,,,,False,False,False,Standard Rate,Standard Rate,,10,,
KNS-RB-32-44-RYB,Kono Conti Suits,,True,1,139.0,159.85,123.75,142.31,,,,,,,,,,,False,False,False,Standard Rate,Standard Rate,,10,,
KNS-RB-46-RYB,Kono Conti Suits,,True,1,155.0,178.25,136.125,156.54,,,,,,,,,,,False,False,False,Standard Rate,Standard Rate,,10,,
KNS-RB-48-RYB,Kono Conti Suits,,True,1,159.0,182.85,142.3125,163.66,,,,,,,,,,,False,False,False,Standard Rate,Standard Rate,,10,,
KNS-RB-50-RYB,Kono Conti Suits,,True,1,169.0,194.35,148.5,170.78,,,,,,,,,,,False,False,False,Standard Rate,Standard Rate,,10,,
KNS-RB-52-RYB,Kono Conti Suits,,True,1,175.0,201.25,154.6875,177.89,,,,,,,,,,,False,False,False,Standard Rate,Standard Rate,,10,,
KNS-RB-54-RYB,Kono Conti Suits,,True,1,190.0,218.5,170.2,195.73,,,,,,,,,,,False,False,False,Standard Rate,Standard Rate,,10,,
KNS-RB-56-RYB,Kono Conti Suits,,True,1,199.0,228.85,177.8875,204.57,,,,,,,,,,,False,False,False,Standard Rate,Standard Rate,,10,,
KNS-NB-32-44-NVBRWGYBLK,Kono Conti Suits,,True,1,142.0,163.3,126.25,145.19,,,,,,,,,,,False,False,False,Standard Rate,Standard Rate,,10,,
KNS-NB-46-NVBRWGYBLK,Kono Conti Suits,,True,1,155.0,178.25,138.875,159.71,,,,,,,,,,,False,False,False,Standard Rate,Standard Rate,,10,,
KNS-NB-48-NVBRWGYBLK,Kono Conti Suits,,True,1,163.0,187.45,145.1875,166.97,,,,,,,,,,,False,False,False,Standard Rate,Standard Rate,,10,,
KNS-NB-50-NVBRWGYBLK,Kono Conti Suits,,True,1,169.0,194.35,151.5,174.23,,,,,,,,,,,False,False,False,Standard Rate,Standard Rate,,10,,
KNS-NB-52-NVBRWGYBLK,Kono Conti Suits,,True,1,176.0,202.4,157.8125,181.48,,,,,,,,,,,False,False,False,Standard Rate,Standard Rate,,10,,
KNS-NB-54-NVBRWGYBLK,Kono Conti Suits,,True,1,195.0,224.25,173.6,199.64,,,,,,,,,,,False,False,False,Standard Rate,Standard Rate,,10,,
KNS-NB-56-NVBRWGYBLK,Kono Conti Suits,,True,1,205.0,235.75,181.4875,208.71,,,,,,,,,,,False,False,False,Standard Rate,Standard Rate,,10,,
CSB32-44-RYB,Conti Suits Poly Cotton,,True,1,165.0,189.75,146.25,168.19,,,,,,,,,,,False,False,False,Standard Rate,Standard Rate,,10,,
CSB46-RYB,Conti Suits Poly Cotton,,True,1,180.0,207.0,160.875,185.01,,,,,,,,,,,False,False,False,Standard Rate,Standard Rate,,10,,
CSB48-RYB,Conti Suits Poly Cotton,,True,1,189.0,217.35,168.1875,193.42,,,,,,,,,,,False,False,False,Standard Rate,Standard Rate,,10,,
CSB50-RYB,Conti Suits Poly Cotton,,True,1,196.0,225.4,175.5,201.83,,,,,,,,,,,False,False,False,Standard Rate,Standard Rate,,10,,
CSB52-RYB,Conti Suits Poly Cotton,,True,1,205.0,235.75,182.8125,210.23,,,,,,,,,,,False,False,False,Standard Rate,Standard Rate,,10,,
CSB54-RYB,Conti Suits Poly Cotton,,True,1,215.0,247.25,190.125,218.64,,,,,,,,,,,False,False,False,Standard Rate,Standard Rate,,10,,
CSB56-RYB,Conti Suits Poly Cotton,,True,1,225.0,258.75,197.4375,227.05,,,,,,,,,,,False,False,False,Standard Rate,Standard Rate,,10,,
CSB58-RYB,Conti Suits Poly Cotton,,True,1,229.0,263.35,204.75,235.46,,,,,,,,,,,False,False,False,Standard Rate,Standard Rate,,10,,
CSB60-RYB,Conti Suits Poly Cotton,,True,1,238.0,273.7,212.0625,243.87,,,,,,,,,,,False,False,False,Standard Rate,Standard Rate,,10,,
CSB-REF32-44-RYB,Conti Suits Poly Cotton with Ref Tape,,True,1,199.0,228.85,180.0,207.0,,,,,,,,,,,False,False,False,Standard Rate,Standard Rate,,10,,
CSB-REF46-RYB,Conti Suits Poly Cotton with Ref Tape,,True,1,219.0,251.85,198.0,227.7,,,,,,,,,,,False,False,False,Standard Rate,Standard Rate,,10,,
CSB-REF48-RYB,Conti Suits Poly Cotton with Ref Tape,,True,1,229.0,263.35,207.0,238.05,,,,,,,,,,,False,False,False,Standard Rate,Standard Rate,,10,,
CSB-REF50-RYB,Conti Suits Poly Cotton with Ref Tape,,True,1,239.0,274.85,216.0,248.4,,,,,,,,,,,False,False,False,Standard Rate,Standard Rate,,10,,
CSB-REF52-RYB,Conti Suits Poly Cotton with Ref Tape,,True,1,255.0,293.25,225.0,258.75,,,,,,,,,,,False,False,False,Standard Rate,Standard Rate,,10,,
CSB-REF54-RYB,Conti Suits Poly Cotton with Ref Tape,,True,1,265.0,304.75,234.0,269.1,,,,,,,,,,,False,False,False,Standard Rate,Standard Rate,,10,,
CSB-REF56-RYB,Conti Suits Poly Cotton with Ref Tape,,True,1,275.0,316.25,243.0,279.45,,,,,,,,,,,False,False,False,Standard Rate,Standard Rate,,10,,
CSB-REF58-RYB,Conti Suits Poly Cotton with Ref Tape,,True,1,285.0,327.75,252.0,289.8,,,,,,,,,,,False,False,False,Standard Rate,Standard Rate,,10,,
CSB-REF60-RYB,Conti Suits Poly Cotton with Ref Tape,,True,1,295.0,339.25,261.0,300.15,,,,,,,,,,,False,False,False,Standard Rate,Standard Rate,,10,,
COLORS-32-44,Poly Cotton Conti Suits - Colors,,True,1,179.0,205.85,160.0,184.0,,,,,,,,,,,False,False,False,Standard Rate,Standard Rate,,10,,
COLORS-46,Poly Cotton Conti Suits - Colors,,True,1,179.0,205.85,160.0,184.0,,,,,,,,,,,False,False,False,Standard Rate,Standard Rate,,10,,
COLORS-48,Poly Cotton Conti Suits - Colors,,True,1,179.0,205.85,160.0,184.0,,,,,,,,,,,False,False,False,Standard Rate,Standard Rate,,10,,
COLORS-50,Poly Cotton Conti Suits - Colors,,True,1,179.0,205.85,160.0,184.0,,,,,,,,,,,False,False,False,Standard Rate,Standard Rate,,10,,
COLORS-52,Poly Cotton Conti Suits - Colors,,True,1,179.0,205.85,160.0,184.0,,,,,,,,,,,False,False,False,Standard Rate,Standard Rate,,10,,
COLORS-54,Poly Cotton Conti Suits - Colors,,True,1,179.0,205.85,160.0,184.0,,,,,,,,,,,False,False,False,Standard Rate,Standard Rate,,10,,
COLORS-56,Poly Cotton Conti Suits - Colors,,True,1,179.0,205.85,160.0,184.0,,,,,,,,,,,False,False,False,Standard Rate,Standard Rate,,10,,
COLORS-58,Poly Cotton Conti Suits - Colors,,True,1,179.0,205.85,160.0,184.0,,,,,,,,,,,False,False,False,Standard Rate,Standard Rate,,10,,
COLORS-60,Poly Cotton Conti Suits - Colors,,True,1,179.0,205.85,160.0,184.0,,,,,,,,,,,False,False,False,Standard Rate,Standard Rate,,10,,
CSD32-44-NVB,Denim Conti Suits,,True,1,259.0,297.85,227.5,261.63,,,,,,,,,,,False,False,False,Standard Rate,Standard Rate,,10,,
CSD-46-NVB,Denim Conti Suits,,True,1,280.0,322.0,250.0,287.5,,,,,,,,,,,False,False,False,Standard Rate,Standard Rate,,10,,
CSD-48-NVB,Denim Conti Suits,,True,1,295.0,339.25,262.0,301.3,,,,,,,,,,,False,False,False,Standard Rate,Standard Rate,,10,,
CSD-50-NVB,Denim Conti Suits,,True,1,305.0,350.75,273.0,313.95,,,,,,,,,,,False,False,False,Standard Rate,Standard Rate,,10,,
CSD-52-NVB,Denim Conti Suits,,True,1,390.0,448.5,347.0,399.05,,,,,,,,,,,False,False,False,Standard Rate,Standard Rate,,10,,
CSD-54-NVB,Denim Conti Suits,,True,1,389.0,447.35,296.0,340.4,,,,,,,,,,,False,False,False,Standard Rate,Standard Rate,,10,,
CSD-56-NVB,Denim Conti Suits,,True,1,345.0,396.75,307.0,353.05,,,,,,,,,,,False,False,False,Standard Rate,Standard Rate,,10,,
CSD-58-NVB,Denim Conti Suits,,True,1,355.0,408.25,319.0,366.85,,,,,,,,,,,False,False,False,Standard Rate,Standard Rate,,10,,
CSD-60-NVB,Denim Conti Suits,,True,1,369.0,424.35,330.0,379.5,,,,,,,,,,,False,False,False,Standard Rate,Standard Rate,,10,,
CSJ54-32-44-RYB,J54 100% Cotton Conti Suits,,True,1,309.0,355.35,275.0,316.25,,,,,,,,,,,False,False,False,Standard Rate,Standard Rate,,10,,
CSJ54-46-RYB,J54 100% Cotton Conti Suits,,True,1,339.0,389.85,302.5,347.88,,,,,,,,,,,False,False,False,Standard Rate,Standard Rate,,10,,
CSJ54-48-RYB,J54 100% Cotton Conti Suits,,True,1,355.0,408.25,316.25,363.69,,,,,,,,,,,False,False,False,Standard Rate,Standard Rate,,10,,
CSJ54-50-RYB,J54 100% Cotton Conti Suits,,True,1,369.0,424.35,330.0,379.5,,,,,,,,,,,False,False,False,Standard Rate,Standard Rate,,10,,
CSJ54-52-RYB,J54 100% Cotton Conti Suits,,True,1,385.0,442.75,343.75,395.31,,,,,,,,,,,False,False,False,Standard Rate,Standard Rate,,10,,
CSJ54-54-RYB,J54 100% Cotton Conti Suits,,True,1,399.0,458.85,357.5,411.13,,,,,,,,,,,False,False,False,Standard Rate,Standard Rate,,10,,
CSJ54-56-RYB,J54 100% Cotton Conti Suits,,True,1,415.0,477.25,371.25,426.94,,,,,,,,,,,False,False,False,Standard Rate,Standard Rate,,10,,
CSJ54-58-RYB,J54 100% Cotton Conti Suits,,True,1,429.0,493.35,385.0,442.75,,,,,,,,,,,False,False,False,Standard Rate,Standard Rate,,10,,
CSJ54-60-RYB,J54 100% Cotton Conti Suits,,True,1,446.0,512.9,398.75,458.56,,,,,,,,,,,False,False,False,Standard Rate,Standard Rate,,10,,
CS006/7-32-44-EMGK,Contisuit Emerald,,True,1,319.0,366.85,287.5,330.63,,,,,,,,,,,False,False,False,Standard Rate,Standard Rate,,10,,
CS006/7-46-EMGK,Contisuit Emerald,,True,1,319.0,366.85,287.5,330.63,,,,,,,,,,,False,False,False,Standard Rate,Standard Rate,,10,,
CS006/7-48-EMGK,Contisuit Emerald,,True,1,319.0,366.85,287.5,330.63,,,,,,,,,,,False,False,False,Standard Rate,Standard Rate,,10,,
CS006/7-50-EMGK,Contisuit Emerald,,True,1,319.0,366.85,287.5,330.63,,,,,,,,,,,False,False,False,Standard Rate,Standard Rate,,10,,
CS006/7-52-EMGK,Contisuit Emerald,,True,1,319.0,366.85,287.5,330.63,,,,,,,,,,,False,False,False,Standard Rate,Standard Rate,,10,,
CS006/7-54-EMGK,Contisuit Emerald,,True,1,319.0,366.85,287.5,330.63,,,,,,,,,,,False,False,False,Standard Rate,Standard Rate,,10,,
CS006/7-56-EMGK,Contisuit Emerald,,True,1,319.0,366.85,287.5,330.63,,,,,,,,,,,False,False,False,Standard Rate,Standard Rate,,10,,
CS006/7-58-EMGK,Contisuit Emerald,,True,1,319.0,366.85,287.5,330.63,,,,,,,,,,,False,False,False,Standard Rate,Standard Rate,,10,,
CSN-J54-32-44-N,J54 100% Cotton Conti Suits,,True,1,319.0,366.85,288.0,331.2,,,,,,,,,,,False,False,False,Standard Rate,Standard Rate,,10,,
CSN-J54-46-N,J54 100% Cotton Conti Suits,,True,1,355.0,408.25,316.0,363.4,,,,,,,,,,,False,False,False,Standard Rate,Standard Rate,,10,,
CSN-J54-48-N,J54 100% Cotton Conti Suits,,True,1,369.0,424.35,331.0,380.65,,,,,,,,,,,False,False,False,Standard Rate,Standard Rate,,10,,
CSN-J54-50-N,J54 100% Cotton Conti Suits,,True,1,385.0,442.75,345.0,396.75,,,,,,,,,,,False,False,False,Standard Rate,Standard Rate,,10,,
CSN-J54-52-N,J54 100% Cotton Conti Suits,,True,1,399.0,458.85,359.0,412.85,,,,,,,,,,,False,False,False,Standard Rate,Standard Rate,,10,,
CSN-J54-54-N,J54 100% Cotton Conti Suits,,True,1,419.0,481.85,374.0,430.1,,,,,,,,,,,False,False,False,Standard Rate,Standard Rate,,10,,
CSN-J54-56-N,J54 100% Cotton Conti Suits,,True,1,435.0,500.25,388.0,446.2,,,,,,,,,,,False,False,False,Standard Rate,Standard Rate,,10,,
CSN-J54-58-N,J54 100% Cotton Conti Suits,,True,1,449.0,516.35,403.0,463.45,,,,,,,,,,,False,False,False,Standard Rate,Standard Rate,,10,,
CSN-J54-60-N,J54 100% Cotton Conti Suits,,True,1,469.0,539.35,417.0,479.55,,,,,,,,,,,False,False,False,Standard Rate,Standard Rate,,10,,
CSGF32-44-G,Flame Retardent Conti Suits,,True,1,539.0,619.85,481.25,553.44,,,,,,,,,,,False,False,False,Standard Rate,Standard Rate,,10,,
CSGF46-G,Flame Retardent Conti Suits,,True,1,592.0,680.8,529.375,608.78,,,,,,,,,,,False,False,False,Standard Rate,Standard Rate,,10,,
CSGF48-G,Flame Retardent Conti Suits,,True,1,619.0,711.85,553.4375,636.45,,,,,,,,,,,False,False,False,Standard Rate,Standard Rate,,10,,
CSGF50-G,Flame Retardent Conti Suits,,True,1,645.0,741.75,577.5,664.13,,,,,,,,,,,False,False,False,Standard Rate,Standard Rate,,10,,
CSGF52-G,Flame Retardent Conti Suits,,True,1,675.0,776.25,601.5625,691.8,,,,,,,,,,,False,False,False,Standard Rate,Standard Rate,,10,,
CSGF54-G,Flame Retardent Conti Suits,,True,1,699.0,803.85,625.625,719.47,,,,,,,,,,,False,False,False,Standard Rate,Standard Rate,,10,,
CSGF56-G,Flame Retardent Conti Suits,,True,1,729.0,838.35,649.6875,747.14,,,,,,,,,,,False,False,False,Standard Rate,Standard Rate,,10,,
CSGF58-G,Flame Retardent Conti Suits,,True,1,755.0,868.25,673.75,774.81,,,,,,,,,,,False,False,False,Standard Rate,Standard Rate,,10,,
CSGF60-G,Flame Retardent Conti Suits,,True,1,782.0,899.3,697.8125,802.48,,,,,,,,,,,False,False,False,Standard Rate,Standard Rate,,10,,
CSA32-44-G,Acid Resistant Conti Suits,,True,1,249.0,286.35,225.0,258.75,,,,,,,,,,,False,False,False,Standard Rate,Standard Rate,,10,,
CSA46-G,Acid Resistant Conti Suits,,True,1,279.0,320.85,247.5,284.63,,,,,,,,,,,False,False,False,Standard Rate,Standard Rate,,10,,
CSA48-G,Acid Resistant Conti Suits,,True,1,289.0,332.35,258.75,297.56,,,,,,,,,,,False,False,False,Standard Rate,Standard Rate,,10,,
CSA50-G,Acid Resistant Conti Suits,,True,1,299.0,343.85,270.0,310.5,,,,,,,,,,,False,False,False,Standard Rate,Standard Rate,,10,,
CSA52-G,Acid Resistant Conti Suits,,True,1,315.0,362.25,281.25,323.44,,,,,,,,,,,False,False,False,Standard Rate,Standard Rate,,10,,
CSA54-G,Acid Resistant Conti Suits,,True,1,329.0,378.35,292.5,336.38,,,,,,,,,,,False,False,False,Standard Rate,Standard Rate,,10,,
CSA56-G,Acid Resistant Conti Suits,,True,1,339.0,389.85,303.75,349.31,,,,,,,,,,,False,False,False,Standard Rate,Standard Rate,,10,,
CSA58-G,Acid Resistant Conti Suits,,True,1,355.0,408.25,315.0,362.25,,,,,,,,,,,False,False,False,Standard Rate,Standard Rate,,10,,
CSA60-G,Acid Resistant Conti Suits,,True,1,365.0,419.75,326.25,375.19,,,,,,,,,,,False,False,False,Standard Rate,Standard Rate,,10,,
CS004,Acid Resistant Conti Suits with Ref Tape,,True,1,294.0,338.1,262.5,301.88,,,,,,,,,,,False,False,False,Standard Rate,Standard Rate,,10,,
BSRB,Boiler Suits,,True,1,195.0,224.25,173.75,199.81,,,,,,,,,,,False,False,False,Standard Rate,Standard Rate,,10,,
CS005-32-44-RYB,Dust Coat,,True,1,115.0,132.25,118.75,136.56,,,,,,,,,,,False,False,False,Standard Rate,Standard Rate,,10,,
CS005-46-RYB,Dust Coat,,True,1,146.0,167.9,130.625,150.22,,,,,,,,,,,False,False,False,Standard Rate,Standard Rate,,10,,
